Impact category,Technology,infrastructure,fuel provision,operation,pollution control,transmission,ccs,err_pos,err_neg
Ammonia emissions,tech1,22.2222222222222,11.1111111111111,33.3333333333333,50,66.6666666666667,5.55555555555556,20,20
Ammonia emissions,tech2,38.8888888888889,22.2222222222222,55.5555555555556,77.7777777777778,100,11.1111111111111,30,30
Ammonia emissions,tech3,29.1666666666667,16.6666666666667,41.6666666666667,58.3333333333334,75,8.33333333333333,10,10
Carbon monoxide emission,tech1,16.6666666666667,11.1111111111111,27.7777777777778,38.8888888888889,50,5.55555555555556,4,16
Carbon monoxide emission,tech2,66.6666666666667,44.4444444444444,77.7777777777778,88.8888888888889,100,22.2222222222222,10,10
Carbon monoxide emission,tech3,50,33.3333333333333,58.3333333333334,66.6666666666667,75,16.6666666666667,16,4
