Impact category,Technology,infrastructure,fuel provision,operation,pollution control,transmission,ccs
Ammonia emissions,tech2,38.8888888888889,22.2222222222222,55.5555555555556,77.7777777777778,100,11.1111111111111
Ammonia emissions,tech1,22.2222222222222,11.1111111111111,33.3333333333333,50,66.6666666666667,5.55555555555556
Carbon monoxide emission,tech1,16.6666666666667,11.1111111111111,27.7777777777778,38.8888888888889,50,5.55555555555556
Carbon monoxide emission,tech2,66.6666666666667,44.4444444444444,77.7777777777778,88.8888888888889,100,22.2222222222222
Climate change,tech2,66.6666666666667,44.4444444444444,77.7777777777778,88.8888888888889,100,22.2222222222222
Climate change,tech1,16.6666666666667,11.1111111111111,27.7777777777778,38.8888888888889,50,5.55555555555556
