Impact category,Technology,ccs,fuel provision,infrastructure,operation,pollution control,transmission
Ammonia emissions,tech1,5.555555555555555,11.11111111111111,22.22222222222222,33.33333333333333,49.99999999999999,66.66666666666666
Ammonia emissions,tech2,11.11111111111111,22.22222222222222,38.888888888888886,55.55555555555555,77.77777777777777,100.0
Carbon monoxide emission,tech1,5.555555555555555,11.11111111111111,16.666666666666664,27.777777777777775,38.888888888888886,50.0
Carbon monoxide emission,tech2,22.22222222222222,44.44444444444444,66.66666666666666,77.77777777777777,88.88888888888889,100.0
Climate change,tech1,5.555555555555555,11.11111111111111,16.666666666666664,27.777777777777775,38.888888888888886,50.0
Climate change,tech2,22.22222222222222,44.44444444444444,66.66666666666666,77.77777777777777,88.88888888888889,100.0
